{
	"properties": {},
	"definition": {
		"default": [
			{
				"id": 212,
				"type": "panel",
				"attributes": {
					"name": {
						"value": "pnlPanel1",
						"status": "overridden"
					},
					"toolbar": {
						"title": {
							"value": "'DreamFace View'",
							"status": "overridden"
						},
						"leftMenu": {
							"visible": {
								"value": "true",
								"status": "overridden"
							},
							"flexWidth": {
								"value": 10,
								"status": "overridden"
							},
							"type": {
								"value": "Icon Bar",
								"status": "overridden"
							},
							"menuItems": {
								"value": [
									{
										"isTopLevel": true,
										"label": "'Home'",
										"icon": {
											"value": "'home'",
											"type": "svg-icon"
										},
										"shortcut": "",
										"divider": false,
										"notification": "",
										"display": "true",
										"disabled": "false",
										"onclick": "",
										"menuItems": {
											"value": [
												{
													"label": "'Facebook'",
													"shortcut": "",
													"divider": false,
													"icon": {
														"value": "'facebook'",
														"type": "svg-icon"
													},
													"notification": "",
													"display": "true",
													"disabled": "false",
													"onclick": "",
													"menuItems": {
														"value": []
													},
													"state": {
														"value": false,
														"binding": "true",
														"icon": {
															"value": "'thumb_up'",
															"type": "svg-icon",
															"style": "",
															"class": ""
														},
														"checkedIcon": {
															"value": "'thumb_up'",
															"type": "svg-icon",
															"style": "",
															"class": ""
														},
														"uncheckedIcon": {
															"value": "'thumb_down'",
															"type": "svg-icon",
															"style": "",
															"class": ""
														}
													}
												},
												{
													"label": "'Twitter'",
													"shortcut": "",
													"divider": false,
													"icon": {
														"value": "'twitter'",
														"type": "svg-icon"
													},
													"notification": "",
													"display": "true",
													"disabled": "false",
													"onclick": "",
													"menuItems": {
														"value": []
													},
													"state": {
														"value": false,
														"binding": "true",
														"icon": {
															"value": "'thumb_up'",
															"type": "svg-icon",
															"style": "",
															"class": ""
														},
														"checkedIcon": {
															"value": "'thumb_up'",
															"type": "svg-icon",
															"style": "",
															"class": ""
														},
														"uncheckedIcon": {
															"value": "'thumb_down'",
															"type": "svg-icon",
															"style": "",
															"class": ""
														}
													},
													"title": false
												},
												{
													"label": "'State icon'",
													"shortcut": "",
													"divider": false,
													"icon": {
														"value": "'home'",
														"type": "svg-icon"
													},
													"notification": "",
													"display": "true",
													"disabled": "false",
													"onclick": "",
													"menuItems": {
														"value": []
													},
													"state": {
														"value": true,
														"binding": "menu_state",
														"icon": {
															"value": "'thumb_up'",
															"type": "svg-icon",
															"style": "",
															"class": ""
														},
														"checkedIcon": {
															"value": "'thumb_up'",
															"type": "svg-icon",
															"style": "",
															"class": ""
														},
														"uncheckedIcon": {
															"value": "'thumb_down'",
															"type": "svg-icon",
															"style": "",
															"class": ""
														}
													},
													"title": false
												}
											]
										},
										"state": {
											"value": false,
											"binding": "true",
											"icon": {
												"value": "'thumb_up'",
												"type": "svg-icon",
												"style": "",
												"class": ""
											},
											"checkedIcon": {
												"value": "'thumb_up'",
												"type": "svg-icon",
												"style": "",
												"class": ""
											},
											"uncheckedIcon": {
												"value": "'thumb_down'",
												"type": "svg-icon",
												"style": "",
												"class": ""
											}
										},
										"iconType": "fa-icon"
									}
								],
								"status": "overridden"
							},
							"status": "overridden"
						},
						"status": "overridden"
					}
				},
				"children": [
					{
						"id": 29499,
						"type": "button",
						"flex": "false",
						"attributes": {
							"name": {
								"value": "btnButton1",
								"status": "overridden"
							},
							"label": {
								"value": "'Hello World'",
								"status": "overridden"
							},
							"classes": {
								"value": "md-warn",
								"status": "overridden"
							},
							"onclick": {
								"value": "hello()",
								"status": "overridden"
							}
						},
						"children": [],
						"container": "layout_0_row_0_column_0"
					}
				]
			}
		]
	}
}
